CustomerNo;ContactName;Address;City;State
10000;Kennedy Merrill ;4773 Hanover Drive;Thorold;NS
10001;Kevon Cote ;4615 Almeria Street;Carleton Place;ON
10002;Annette Shields ;4306 Covell Blvd.;Blenheim;MB
10003;Rickey Sellers ;7219 Canoe Place;Outlook;SK
10004;Yessenia Holcomb ;6734 Van Gogh Street;Coombs;NU
10005;Berenice Greer ;8327 Matisse Street;Cochrane;YT
10006;Ronnie Howell ;5048 Jerome Street;Coral Harbour (Sallit);SK
10007;Devan Larson ;4432 Pomona Drive;Campbellcroft;AB
10008;Bryant Singleton ;4229 Coolidge Street;Cornwall;SK
10009;Gonzalo Montgomery ;2742 Washoe Street;Comox;SK
10010;Eleanor Noble ;1226 Banyan Place;Churchbridge;NS
10011;Priscilla Cook ;3199 Galileo Court;Oliver;MB
10012;Kasey Bond ;9518 Cadiz Street;Baltimore;YT
10013;Quintin Craft ;1575 Lake Terrace Circle;Tiverton;MB
10014;Bella Callahan ;3095 Torrey Street;Ompah;ON
10015;Alec Lloyd ;3016 Westernesse Road;Carstairs;NT
10016;Colleen Irwin ;5664 Cabot Street;Tusket;BC
10017;Laney David ;7140 N Street;Chester;NS
10018;Alberto Lindsey ;8872 Decatur Court;Boylston;NU
10019;Liana Nielsen ;287 Madrone Lane;Tecumseh;BC
10020;Shawna Kerr ;6929 Tulip Lane;Bridgetown;NU
10021;Ingrid Ramos ;2138 Estaban Court;Barriere;NB
10022;Noe Campos ;3399 Genaro Place;Castle Mountain;YT
10023;Edward Fulton ;3023 W. Olive Drive;Oromocto;ON
10024;Ryleigh Figueroa ;5066 2nd Street;Bowden;PE
10025;Anastasia Clarke ;6344 Estrella Place;Courtenay;PE
10026;Micheal Everett ;1438 Lake Terrace Circle;Angus;NS
10027;Koby Huber ;8863 Isla Place;Trail;QC
10028;Paula Goff ;9408 Hudson Street;Tiverton;NS
10029;Jaquez Beck ;787 Everglades Pl;Caronport;YT
10030;Christa Nelson ;5483 Duke Drive;Byng Inlet;NT
10031;Kole Long ;5676 Co. Road 102;Amherstview;NB
10032;Josie Humphrey ;792 Galileo Court;Old Fort Bay;SK
10033;Chloe Chavez ;1766 Fortuna Court;Oro-Medonte;QC
10034;Carmen Wiley ;4607 Bates Drive;Taber;ON
10035;Leslie Stafford ;3143 Balboa Avenue;Ormstown;SK
10036;Ireland Nixon ;3750 Encina Avenue;Chilliwack;BC
10037;Paxton Stanton ;733 La Paloma Court;Coteau-du-Lac;NS
10038;Cheyanne Martin ;1099 Secret Bay Street;Camlachie;QC
10039;Shayna Dixon ;4279 Valencia Avenue;Atikokan;NT
10040;Gerardo Gould ;5674 Campbell Place;Thornbury;YT
10041;Enrique Coleman ;4581 Chestnut Place;Craik;QC
10042;Myles Bridges ;3842 Bodega Bay Place;Baddeck;NU
10043;Sullivan Rivas ;4192 Miller Drive;Charlton;PE
10044;Aubrie Garcia ;8004 Lucena Court;Carlesbad Springs;MB
10045;Micheal Becker ;8447 Oakenshield Road;Ormstown;MB
10046;Cecilia Medina ;8913 Bueno Drive;Ardrossan;ON
10047;Grady Jennings ;3462 Nantucket Terrace;Callander;NL
10048;Ally King ;793 Adams Terrace;Abbotsford;PE
10049;Donald Gonzales ;9116 Rubicon Avenue;Brockville;BC
10050;Kaya Herman ;8349 Brentwood Place;Alberton;MB
10051;Ronaldo Cleveland ;9334 Flamenco Place;Brighton;QC
10052;Natasha Phillips ;3016 Westernesse Road;Ayr;QC
10053;Tess Humphrey ;7393 Miller Drive;Aldergrove;MB
10054;Shemar Thompson ;2413 Shasta Drive;Coombs;SK
10055;Sabastian Duke ;1150 Tea Place;Batchawana Bay;QC
10056;Zechariah Zimmerman ;5960 Drew Avenue;Cobble Hill;NL
10057;Deshaun Brooks ;4241 Elendil Lane;Bridgenorth;PE
10058;Estevan Walls ;7191 Apple Lane;Athens;NB
10059;Mateo Buckner ;8785 Lehigh Drive;Blairmore;NT
10060;Dimitri Becker ;3170 Evenstar Lane;Oromocto;MB
10061;Felicity Payne ;309 Glenn Place;Antrim;NL
10062;Steve Clarke ;3174 Diego Place;Cranberry Portage;AB
10063;Rohan Bond ;4416 W. Eighth St.;Belgrave;NB
10064;Micah Christensen ;9828 Barony Place;Burford;QC
10065;Mekhi James ;3692 Brentwood Place;Blackie;YT
10066;Esperanza Walters ;2509 3rd Street;Osoyoos;PE
10067;Abigale Boyle ;4218 Shelter Cove Avenue;Carling;NB
10068;Nigel Hansen ;1602 Covell Blvd.;Burnt Church;NT
10069;Quentin Delacruz ;1078 Shelter Cove Place;Ajax;MB
10070;Tristian Puckett ;9406 Boulder Place;Campbellton;BC
10071;Miya Cantu ;5176 Santa Cruz Way;Tisdale;NS
10072;Louis Moore ;1283 Sequoia Place;Chestermere;NS
10073;Adan Lucas ;3872 Harrier Place;Crofton, BC;PE
10074;Aditya Mack ;5151 Anderson Rd.;Beaupré;NU
10075;Jesus Pickett ;5946 Greene Terrace;Cherryville;NS
10076;Rylan Gilbert ;5555 Fig Place;Cherryville;ON
10077;Shawn Carrillo ;6384 Hudson Street;Cambridge Bay (Ikaluktutiak);NS
10078;Alexia Holcomb ;3174 Diego Place;Botwood;NS
10079;Aubrie Weaver ;2794 Barbera Place;Berwick;NL
10080;Milton Barnett ;2956 Quarter Circle.;Chesley;SK
10081;Nicolas Best ;1129 Arboretum Terrace;Bancroft;NL
10082;Juliana Beasley ;593 Temple Drive;Acton;SK
10083;Nathan Brock ;7823 Drake Drive;Oyen;NT
10084;Bailey Sawyer ;3063 Biscayne Bay Place;Coronation;NS
10085;Todd Sutton ;7119 Oyster Bay Avenue;Blackstock;NT
10086;Dustin Moss ;7634 Cranbrook Court;Battlefords, The;NU
10087;Noe Campos ;6205 4th Street;Armstrong;SK
10088;Kyra Klein ;8947 Secret Bay Street;Clearview;QC
10089;Nathanael Moss ;5965 Linden Lane;Ompah;MB
10090;Blaise Gould ;8157 College Park;Bolton;MB
10091;Heidi Trujillo ;4705 Everglades Pl;Côte-Saint-Luc;NT
10092;Taniya Zamora ;6570 Angela Street;Bramalea;MB
10093;Jaheim Logan ;7695 La Rue Road;Carrot River;NL
10094;Leila Mcfarland ;8329 Espana Court;Balfour;NU
10095;Montana Nielsen ;8830 5th Street;Carlesbad Springs;QC
10096;Cayden Hebert ;5894 Picasso Avenue;Bedford;AB
10097;Mandy Hooper ;6382 Chesapeake Bay Ave;Brentwood Bay;NT
10098;Brady Scott ;5255 Jerome Street;Church Point;NS
10099;Madilyn Garza ;2816 Ponderosa Place;Atikokan;SK
10100;Tabitha Irwin ;8605 La Paz Drive;Brisco;NU
10101;Jamar Pittman ;5588 Newport Terrace;Bewdley;PE
10102;Adan Lucas ;2069 Almeria Street;Ajax;YT
10103;Jairo Conrad ;4985 E Street;Ottawa;NU
10104;Jacqueline Reed ;1233 Country Club Cir.;Ajax;NS
10105;Dayana Huber ;9240 Alto Court;Craik;SK
10106;Christy Bentley ;1594 Broken Circle;Bronte;NT
10107;Darren Witt ;4701 Harrier Place;Coteau-du-Lac;YT
10108;Roger Black ;8233 Albion Place;Bamfield;AB
10109;Jevon Conway ;7719 Whaler Avenue;Coldstream;AB
10110;Victoria Booth ;6189 Oleander Place;Châteauguay;QC
10111;Ainsley Woods ;4971 Cornell Drive;Consort;NS
10112;Carlie Key ;4771 Isla Place;Alfred;ON
10113;Melinda Munoz ;8228 Bidwell Place;Beauport;ON
10114;Tristin Abbott ;9501 Temple Drive;Caplan;YT
10115;Aspen Mccoy ;7147 Santander Court;Brampton;NT
10116;Jaeden Boyer ;1896 Cleveland Court;Orono;PE
10117;Chaz Bowman ;9746 Arthur Street;Bayfield;NL
10118;Jordon Figueroa ;2574 Benicia Court;Bow Island;ON
10119;Moses Wooten ;9739 Juniper Place;Chesley;NS
10120;Carson Figueroa ;9805 Buckeye Lane;Courtenay;NB
10121;Priscila Garrison ;7869 Elm Lane;Bancroft;ON
10122;Gaven Barrett ;7943 Nandina Place;Alvinston;NU
10123;Kaleigh Mason ;6941 Tern Place;Battersea;NU
10124;Moises Blackburn ;3346 Del Oro Avenue;Oro Station;AB
10125;Jabari Casey ;327 Amapola Drive;Big River;QC
10126;Nathan Boyer ;4227 Hidalgo Place;Bass River;QC
10127;Alejandra Bowen ;4334 Inner Circle;Breton;NT
10128;Kaya Lowe ;9704 Tea Place;Black Duck Siding;YT
10129;Quentin Delacruz ;7935 Everglades Pl;Beamsville;QC
10130;Delilah Love ;4513 Co. Road 105;Chomedey;NL
10131;Abbigail Reilly ;2334 Pennsylvania Place.;Caledonia;ON
10132;Eric Cooper ;2661 Schmeiser Avenue;Batawa;BC
10133;Kirsten Murray ;3656 Los Robles Street;Trois-Rivières;MB
10134;Desiree Rich ;2635 El Toro Way;Baltimore;QC
10135;Leanna Harvey ;6472 Grinnel Place;Aurora;NB
10136;Caiden Holt ;2485 Haussler Drive;Cavendish;NU
10137;Anabel Albert ;4361 Claremont Drive;Brisco;NU
10138;Corey Lyons ;4152 Central Way;Campbellville;QC
10139;Elle Salazar ;3343 Gazelle Place;Bramalea;NU
10140;Craig Rodriquez ;2121 Oeste Drive;Bragg Creek;NT
10141;Adan Buchanan ;2692 Denali Drive;Cayuga;BC
10142;Andrew Thomas ;2121 Oeste Drive;Telkwa;AB
10143;Alia Campbell ;7278 Glide Terrace;Beckwith;NB
10144;Rowan Wilder ;5788 Denali Drive;Trois-Rivières;YT
10145;Emmanuel Mathews ;9326 Hudson Street;Crescent Spur;BC
10146;Bailee Moon ;4334 Inner Circle;Chomedey;QC
10147;Carissa Hicks ;9993 El Toro Way;Boylston;BC
10148;Jessie Mullen ;7742 Equador Place;Coral Harbour (Sallit);NL
10149;Ricky Wolf ;9984 San Ramon Drive;Battersea;YT
10150;Elise Robertson ;793 Adams Terrace;Batchawana Bay;NU
10151;Eva Randall ;8966 Harvard Drive;Bathurst;YT
10152;Oswaldo Mcfadden ;6107 Benicia Court;Chemainus;QC
10153;Callie Ellison ;8291 Costa Verde Street;Boissevain;PE
10154;Tia Silva ;5411 Calaveras Avenue;Beaupré;NU
10155;Quentin Head ;3769 First Street;Bedford;NU
10156;Taya Avery ;6339 Regatta Lane;Orono;SK
10157;Autumn Mccullough ;8863 Isla Place;Crescent Spur;MB
10158;Carli Norman ;9930 Fig Lane;Alfred;BC
10159;Holden Horton ;602 Elk Place;Timmins;ON
10160;Hunter Aguirre ;7273 Condor Court;Apple Hill;NS
10161;Christine Reyes ;3202 Wahl Way;Burnt Church;NL
10162;Chasity Guthrie ;1983 Eleventh Street;Beaumont;YT
10163;Rowan Wilder ;4465 Bombadil Lane;Tara;BC
10164;Lily Calhoun ;7439 Alpine Place;Cabri;BC
10165;Caroline Brewer ;1004 Laguna Avenue;The Pas;NU
10166;Colleen Irwin ;3487 Puma Court;Breton;YT
10167;Manuel Brady ;1103 Madrid Street;Blyth;BC
10168;Clark Farrell ;217 Vigo Court;Old Fort Bay;NL
10169;Dylan Mercer ;4773 Hanover Drive;Telkwa;NS
10170;Layne Morris ;5724 Adeline Place;Black Duck Siding;MB
10171;Carl Barber ;3462 Nantucket Terrace;Coteau-du-Lac;NT
10172;Heriberto Blankenship ;6747 Hidalgo Place;Tweed;MB
10173;Isis Herrera ;6510 Oceano Way;Beresford;QC
10174;Scott Strickland ;2767 Oceano Way;Coquitlam;AB
10175;Rocio Brewer ;7932 Jalisco Place;Thorsby;NS
10176;Keenan Day ;9401 Oeste Drive;Carmacks;YT
10177;Gian Chaney ;787 Everglades Pl;Chetwynd;NL
10178;Quentin Mcmahon ;5892 Country Club Drive;Bon Accord;MB
10179;Andrew Landry ;1139 Carob Place;Barrie;QC
10180;Blake Cardenas ;1802 Schmeiser Avenue;Osoyoos;SK
10181;Emmanuel Mathews ;189 Vassar Drive;Blackstock;NS
10182;Miles Conway ;9304 Whittier Drive;Bedford;YT
10183;Chaim Bryant ;6581 Baywood Lane;Coaldale;NL
10184;Seamus Dickson ;2308 Humboldt Avenue;Churchbridge;BC
10185;Fabiola Hammond ;8621 Miwok Place;Botwood;MB
10186;Abdiel Combs ;5304 Valdora St.;Telegraph Cove;NB
10187;Elvin Rios ;2209 Hacienda Avenue;Beckwith;ON
10188;Margarita Cooley ;101 Northfield Court;Bridgewater;NL
10189;Shania Barton ;3869 Wahl Way;Biggar;MB
10190;Ivy Carey ;1496 Flamenco Place;Trois-Rivières;NS
10191;Solomon Reed ;8950 E. Eighth St.;Bronte;NT
10192;Kenneth Norris ;792 Galileo Court;Antigonish;QC
10193;Blaine Yang ;2488 Equador Place;Brooks;ON
10194;Abdiel Combs ;3127 Madrid Street;Boissevain;QC
10195;Garret Justice ;9112 Sparrow Court;Telegraph Cove;PE
10196;Gideon Davis ;7101 Cascade Place;Antigonish;BC
10197;Emerson Contreras ;4416 W. Eighth St.;Telkwa;NL
10198;Taya Mccoy ;1169 Cranbrook Court;Campbellville;YT
10199;Hannah Whitehead ;5980 Imperial Avenue;Bridgetown;AB
10200;Rory Whitehead ;4184 Reed Drive;Canning;NT
10201;Antwan Mcdaniel ;7719 Whaler Avenue;Aylmer;YT
10202;Jaylin Perry ;7284 Cascade Place;Bishop's Falls;YT
10203;Emiliano Schneider ;3968 University Avenue;Aurora;NB
10204;Rickey Sellers ;3077 Villanova Drive;Boyle;NU
10205;Dasia Bean ;2847 Merganser Place;Beaverton;BC
10206;Fabiola Hammond ;3143 Balboa Avenue;Blackie;PE
10207;Kianna Snow ;5327 Glide Terrace;Timmins;NT
10208;Mallory Grant ;5160 E. El Macero Dr.;Coral Harbour (Sallit);NT
10209;Braxton Shaw ;4690 Vassar Drive;Chester;NT
10210;Sofia Francis ;9172 Albany Avenue;Carlisle;YT
10211;Darren Witt ;4476 Calaveras Avenue;Cobourg;QC
10212;Logan Finley ;6730 Willowbank Road;Truro;NU
10213;Giovanna Hill ;3757 Aurora Avenue;Conception Bay South;NU
10214;Nataly Bass ;544 Citadel Drive;Tiverton;YT
10215;Angelo Harmon ;6461 Pacific Drive;Comox;NS
10216;Theodore Miles ;472 Almeria Street;Otterburne;NU
10217;Branden Conley ;3035 Caribou Place;Caplan;MB
10218;Remington Eaton ;4088 El Macero Drive;Chestermere;BC
10219;Mya Cherry ;2727 Locust Place;Blackie;BC
10220;April Clemons ;7369 Isle Royale Lane;Oliver;SK
10221;Ariel Bush ;894 Road 99d;Big River;MB
10222;Nichole Vaughan ;6265 Mercedes Avenue;Canning;SK
10223;Alexzander Collins ;3561 Sandpiper Drive;Anmore;SK
10224;Savion Rosario ;8514 Eureka Ave.;Contrecoeur;AB
10225;Randall Gross ;4432 Pomona Drive;Carleton Place;ON
10226;Jasper Carney ;4292 San Tomas Street;Bridgewater;NB
10227;Jaydon Bates ;5817 Seventh Street;Beamsville;NT
10228;Casandra Contreras ;2485 Haussler Drive;Botwood;BC
10229;Mollie Albert ;9513 Montgomery Ave.;Bronte;ON
10230;Mathew Phelps ;4050 Hoopa Place;Alfred;NT
10231;Bernard Payne ;7091 Linden Lane;Tecumseh;NB
10232;Zechariah Randall ;8851 Willowbank Road;Omemee;NT
10233;Amani Wooten ;2138 Estaban Court;Cavendish;PE
10234;Anthony Holden ;7321 Ponderosa Place;Brooks;NS
10235;Riley Boone ;642 Avocet Avenue;Apple Hill;AB
10236;Dario Mccray ;6221 W. Fourteenth Street;Tara;BC
10237;Triston Conway ;3664 Arboretum Drive;Barrington;NS
10238;Dontae Hurley ;518 Sparrow Court;Ayr;SK
10239;Eleanor Raymond ;2182 Christie Court;Burgessville;QC
10240;Maia Leblanc ;7096 Bermuda Avenue;Canning;ON
10241;Lexus Valentine ;4279 Valencia Avenue;Bradford West Gwillumbury;ON
10242;Tylor Medina ;8686 12th Street;Altona;BC
10243;Kolby Burris ;2768 Curlew Street;Berthierville;YT
10244;Clark Farrell ;5758 4th Street;Anmore;PE
10245;Emily Quinn ;8177 Northfield Court;Burin;SK
10246;Kaelyn Bass ;8453 Humboldt Avenue;Burnt Church;NL
10247;Anika Carson ;3146 Almeria Street;The Pas;MB
10248;Sarah Cain ;3283 Menlo Drive;Arkell;NS
10249;Clayton Matthews ;7025 Bianco Court;Old Crow;NL
10250;William Gilmore ;1440 Fremont Court;Comox;SK
10251;Kali Mcclure ;2509 3rd Street;Beresford;NB
10252;Skyler Hale ;2731 Almeria Street;Burlington;NU
10253;Charles Underwood ;1216 Adrian Drive;Otterburn Park;BC
10254;Mattie Johnson ;9107 Drexel Drive;Collingwood;PE
10255;Solomon Hendrix ;957 Elk Place;Outremont;AB
10256;Sheila Mclaughlin ;4062 Nantucket Terrace;Temagami;MB
10257;Kaden Cervantes ;2372 Santa Cruz Way;Oshawa;YT
10258;Aubrey Ochoa ;4694 Brandywine Place;Brandon;PE
10259;Alia Juarez ;7719 Bienville Street;Tottenham;BC
10260;Ainsley Garza ;2635 El Toro Way;Blairmore;BC
10261;Alondra Dickson ;9922 Westernesse Road;Astorville;BC
10262;Marcel Weaver ;4575 Drake Drive;Carp;MB
10263;Earl Vazquez ;1853 Valencia Avenue;Bowden;ON
10264;Christa Nelson ;8220 Amherst Drive;Castlegar;QC
10265;William Gilmore ;4462 Tulane Drive;Buffalo Point;SK
10266;Teresa Hayden ;1338 Drew Circle;Bridgewater;NU
10267;Harley Winters ;8331 Estrella Place;Cumberland;ON
10268;Dimitri Becker ;4078 Grinnel Drive;Brigden;YT
10269;Mateo Burns ;9346 2nd Street;Claremont;NT
10270;Dylon Wood ;8496 La Rue Road;Cardinal;SK
10271;Luisa Espinoza ;462 Del Mar Place;Corunna;PE
10272;Aubrey Tran ;5034 Sunset Court;Calmar;NT
10273;Kyla Kane ;5563 Temple Drive;Bronte;BC
10274;Addison Stephens ;4311 Beech Lane;Bouctouche;PE
10275;Deven King ;3609 Eisenhower Street;Ancaster;QC
10276;Darin Marshall ;2192 Fourteenth St.;Tillsonburg;QC
10277;Jefferson Wade ;9158 Chesapeake Bay Ave;Caplan;NU
10278;Gia Wilder ;5568 Guaymas Place;Beaverlodge;NL
10279;Eden Banks ;5722 Amar Court;Cheticamp;NT
10280;Jaeden Boyer ;5561 Genaro Place;Beloeil;NL
10281;Salvador Sloan ;4160 Costa Verde Street;Coldstream;SK
10282;Braiden Collins ;4306 Covell Blvd.;Orton;QC
10283;Russell Logan ;4705 Everglades Pl;Blind River;SK
10284;Joel Allen ;3897 Danbury Court;Almonte;SK
10285;Dakota Morin ;8349 Tiber Avenue;Bishop's Falls;SK
10286;Kendal Gilliam ;8560 Manet Place;Amherstburg;NL
10287;Leila Bowen ;1769 D Street;Trenton;NL
10288;Xavier Hurst ;5244 Chestnut Lane;Caroline;YT
10289;Abdiel Combs ;9257 Santander Court;Orleans;MB
10290;Jonas Burt ;2591 Galileo Court;Corbeil;NU
10291;Alvaro Faulkner ;6891 Marina Circle;Buffalo Point;NB
10292;Braden Mckee ;1845 Del Oro Place;Ottawa;NT
10293;Annika Sawyer ;7298 Campbell Place;Cumberland;SK
10294;Annette Shields ;1446 Alice Street;Chesley;AB
10295;Jayden Alvarez ;9479 Cumberland Place;Terrace;YT
10296;Angie Bates ;3891 Mallorca Lane;Ainsworth Hot Springs;NS
10297;Arnold Daugherty ;4229 Coolidge Street;Battersea;NT
10298;Kevon Wilcox ;1907 Hidden Cir.;Owen Sound;NS
10299;Frank Vaughn ;7158 Arthur Street;Callander;NB
10300;Aria Maddox ;2731 Almeria Street;Cowley;NB
10301;Pranav Campos ;1200 Bollate Lane;Barry's Bay;AB
10302;Savion Buckner ;3199 Galileo Court;Bedeque;NS
10303;Braxton Shaw ;249 Shire Lane;Brougham;NT
10304;Rylan Gilbert ;5140 A Street;Berthierville;ON
10305;Rocio Brewer ;7085 Genaro Place;Cherryville;NS
10306;Pamela Whitfield ;3146 Almeria Street;Cookstown;NB
10307;Sawyer Holden ;8138 Reed Drive;Blackville;NL
10308;Elsa Delgado ;8228 Bidwell Place;Boyle;NS
10309;Emerson Contreras ;1438 Lake Terrace Circle;Bridgenorth;NT
10310;Mariana Marquez ;3363 Rutgers Drive;Oxford Station;PE
10311;Abigale Boyle ;1594 Broken Circle;Celista;ON
10312;Brock Hutchinson ;1283 Sequoia Place;Bishop's Falls;BC
10313;Breonna Guerra ;5914 Rainier Street;Thompson;QC
10314;Dorian Serrano ;2004 Sparrow Court;Bewdley;AB
10315;Jayson Salazar ;7728 Middle Golf Drive;Ancaster;NS
10316;Aliya Mullen ;4513 Co. Road 105;Ottawa;AB
10317;Erick Mayo ;8968 J Street;Alberta Beach;AB
10318;Julianna Robinson ;2022 Reed Drive;Coldwater;YT
10319;Ismael Mccarty ;3016 Schmeiser Avenue;Twillingate;QC
10320;Jordy Pugh ;6091 Imperial Avenue;Brookfield;PE
10321;Eliezer Morton ;4067 Mello Place;Antrim;AB
10322;Kellie Wells ;5066 Flamenco Place;Canning;NS
10323;Montana Harper ;8701 Hoopa Place;O'Leary;SK
10324;Amelia Rose ;1990 Sycamore Lane;Cavan;AB
10325;Martha Middleton ;7676 Boulder Place;Brigus;NT
10326;Kari Wolf ;7390 Mills Drive;Thorsby;PE
10327;Jaeden Boyer ;3021 5th Street;Odessa;YT
10328;Jayda Griffith ;3596 Westfield Terrace;Chesterville;MB
10329;Lisbeth Fletcher ;9505 Villanova Drive;Caroline;NS
10330;Rohan Bond ;7676 Boulder Place;Cherryville;NL
10331;Kassidy Valdez ;8214 Mace Blvd.;Boissevain;NB
10332;Landon Greene ;7778 Menlo Drive;Ompah;ON
10333;Kaleigh Mason ;6716 Maple Lane;Osgoode;MB
10334;Jamar Bentley ;7678 Trawler Place;Cherryville;NT
10335;Madisyn Underwood ;6618 Sandy Circle;Aylesford;NS
10336;Ivy Carey ;5078 Adams Street;Carling;NU
10337;Treyton Everett ;7278 Glide Terrace;Abbotsford;SK
10338;Jamel Sweeney ;978 Sandy Circle;Tottenham;MB
10339;Jamar Alston ;8739 Old Davis Road;Beloeil;ON
10340;Taylor Knapp ;9334 Flamenco Place;Amherstview;ON
10341;Celeste Horne ;295 Benbow Court;Caledonia;NL
10342;Terry Alston ;4220 Oceano Way;Churchbridge;MB
10343;Ana Stone ;5460 Biscayne Bay Place;Church Point;NT
10344;Clinton Patton ;5677 Danube Avenue;Oyen;NS
10345;Frankie Conner ;1354 Buchanan Street;Callander;ON
10346;Maurice Summers ;1723 Glide Drive;Cochrane;NL
10347;Abigail Olsen ;2777 Concord Place;Old Crow;NB
10348;Zavier Roach ;1332 Angela Street;Bouctouche;MB
10349;Eleanor Noble ;4947 San Ramon Drive;Cocagne;NU
10350;Melinda Hensley ;6543 Da Vinci Court;Cherryville;BC
10351;Marley Lee ;8947 Secret Bay Street;Bedeque;NS
10352;Paul Phelps ;812 Quail Street;Causapscal;ON
10353;Kyra Lee ;7077 Javier Place;Antrim;NL
10354;Felicity Matthews ;2767 Campbell Place;Bracebridge;YT
10355;Karly Everett ;1979 Madrone Lane;Castlegar;QC
10356;Jamel Sweeney ;5425 2nd Street;Birtle;NU
10357;Jaquez Beck ;6639 Co. Road 101a;Crescent Spur;BC
10358;Derek Gaines ;9381 Lehigh Drive;Baysville;NU
10359;Nathan Boyer ;3303 Denison Drive;Brisco;YT
10360;Penelope Mcconnell ;8157 College Park;Battlefords, The;NS
10361;Eden Cook ;2580 Ensenada Drive;Clinton;NU
10362;Antwan Mcdaniel ;544 Citadel Drive;Oxbow;SK
10363;Hayley Webb ;2441 Oleander Place;Charlemagne;NB
10364;Marianna Atkins ;9774 Birch Lane;Canning;BC
10365;Jaiden Lane ;4391 Cordova Place;Campbellville;SK
10366;Josie Humphrey ;4016 Yana Place;Belleville;NS
10367;Brenda Rogers ;1791 Co. Road 99;Burk's Falls;QC
10368;Maximus Hahn ;6221 W. Fourteenth Street;Cowley;BC
10369;Laney Carney ;148 Tulip Lane;Courtenay;SK
10370;Kalyn Mcgee ;2237 L Street;Castor;AB
10371;Sammy Contreras ;7096 Bermuda Avenue;Corbeil;NB
10372;Kaelyn Bass ;3866 Calmia Place;Bracebridge;SK
10373;Caleb Stout ;3769 First Street;Almonte;NB
10374;Michael Vargas ;8889 Evening Bay Place;Christina Lake;NB
10375;Sheldon Fuentes ;1774 Baja Avenue;Blackstock;NT
10376;Fabiola Hammond ;1885 Sea Bright Avenue;Tofino;QC
10377;Sydney Cooley ;1446 Bryant Place;Trenton;BC
10378;Russell Holman ;7015 Lillard Dr.;Bala;SK
10379;Sammy Contreras ;9272 Chesapeake Bay Ave;Thornton;NS
10380;Andrew Thomas ;9320 Holly Lane;Trail;YT
10381;Diane Luna ;1004 Laguna Avenue;Chetwynd;MB
10382;Moriah Garrison ;3700 El Cemonte Avenue;Burnt Church;PE
10383;Jamal Bates ;1923 Seine Avenue;Bridgewater;NU
10384;Alexandria Roberson ;4735 Georgia Place;Beaverdell;NS
10385;Adam Juarez ;8560 Manet Place;Toronto;NB
10386;Magdalena Monroe ;357 Clara Lane;Burton;NT
10387;Antonia Oconnor ;5364 Mallorca Lane;Trois-Rivières;MB
10388;Rose Griffin ;8151 Genaro Place;Cardinal;NT
10389;Abigail Hoffman ;8739 Old Davis Road;Oro-Medonte;PE
10390;Mariah Francis ;9130 Plum Lane;Tusket;ON
10391;Claudia Rosario ;559 Creek Hollow Lane;Clarenville;SK
10392;Tayler Yates ;7146 Hidden Cir.;Blackstock;MB
10393;Margarita Cooley ;4960 Howard Way;Clearview;PE
10394;Amira Combs ;1575 Lake Terrace Circle;Burin;QC
10395;Jewel Levine ;8605 La Paz Drive;Oro Station;MB
10396;Braden Mckee ;3871 Concord Place;Breslau;NU
10397;Tyra Puckett ;8194 Lago Place;Chatham;MB
10398;Demarcus Fulton ;4998 Willow Lane;Campbell River;NB
10399;Athena Jimenez ;6796 Goshawk Street;Consort;MB
10400;Aron Gallegos ;2485 Haussler Drive;Osoyoos;NL
10401;Rachelle Montgomery ;7838 Adams Street;Alert Bay;NS
10402;Josef Wheeler ;6796 Goshawk Street;Carstairs;MB
10403;Chloe Chavez ;7252 Wren Street;Chapple;NL
10404;Carlie Key ;7848 Finch Street;Tecumseh;QC
10405;Avery Ayers ;7086 Shelter Cove Avenue;Ardoch;NL
10406;Desmond Dale ;5334 Nandina Place;Cambridge;NU
10407;Tyler Herman ;6885 Co. Road 30b;Brantford;NT
10408;Cheyanne Carrillo ;6131 Madrid Street;Alma;NT
10409;Dwight Hoffman ;4432 Pomona Drive;Tadoussac;ON
10410;Maximus Lucas ;8830 Sea Bright Avenue;Outlook;ON
10411;Joshua Lott ;582 Evening Bay Place;Coldstream;YT
10412;Dwayne Rivas ;3442 Orange Lane;Biscotasing;PE
10413;Pamela Riddle ;5460 Biscayne Bay Place;Arundel;BC
10414;Maegan Wallace ;6839 Wren Street;Canning;BC
10415;Nigel Hansen ;1492 Fairway Estates Place.;Bonshaw;SK
10416;Misael Gray ;8508 Diablo Avenue;Brackley Beach;AB
10417;Elian Barry ;7497 Scripps Drive;Belledune;BC
10418;Terrence Dennis ;2247 Peña Drive;Tatamagouche;SK
10419;Laney Carney ;5537 C Street;Trout Creek;MB
10420;Oliver Dalton ;2360 Coolidge Court;Blackville;NB
10421;Joyce Perkins ;4229 Coolidge Street;Beresford;MB
10422;Alexandro Gamble ;1885 Sea Bright Avenue;Claremont;ON
10423;Jackson Alvarado ;5732 Harvard Drive;Arkell;NT
10424;Estefany Leonard ;967 Bollate Lane;Albany;NT
10425;Nyasia Cash ;2955 Bienville Street;Cap-de-la-Madeleine;NU
10426;Violet Ortega ;1144 Hidalgo Place;Clearview;PE
10427;Madison Gillespie ;1331 Van Gogh Street;Bishop's Falls;MB
10428;Breanna Gardner ;167 Linden Lane;Oro Station;YT
10429;Alessandra Faulkner ;2386 Second St.;Bridgewater;NS
10430;Cruz Barber ;7697 Goldberry Lane;Apple Hill;NS
10431;Sally Kemp ;4736 Orange Lane;Thamesford;NB
10432;Stone Howard ;5726 Vigo Court;Oka;NB
10433;Crystal Boyle ;2753 Colgate Drive;Cambridge;MB
10434;Yvette Allen ;7369 Isle Royale Lane;Cayuga;NB
10435;Dontae Hurley ;9978 Guava Lane;Omemee;NT
10436;Cesar Parks ;3454 Lake Terrace Circle;Contrecoeur;NS
10437;Jase Travis ;2313 Becerra Way;Oka;MB
10438;Damien Bray ;295 Benbow Court;Benito;QC
10439;Alfred Todd ;3418 Anderson Rd.;Burk's Falls;MB
10440;Toni Estrada ;8258 Amador Avenue;Argentia;NS
10441;Mckenzie Crosby ;8599 Becerra Way;Cloverdale;MB
10442;Rachelle Walls ;1021 Isla Place;Bella Coola;YT
10443;Gonzalo Montgomery ;7703 Sutter Place;Buchans;MB
10444;Gerard Bryant ;2013 Farallon Street;Coombs;NS
10445;Roderick Whitney ;1040 Rice Lane;Claremont;QC
10446;Nyasia Cote ;8634 Oakside Drive;Beaconsfield;PE
10447;Catherine Gonzales ;792 Galileo Court;Oyen;NL
10448;Rohan Bond ;3192 I Street;Chestermere;ON
10449;Aja Carr ;2266 Vista Way;Alderville;ON
10450;Anahi Espinoza ;6992 Curlew Street;Brockville;BC
10451;Alfred Todd ;320 Country Club Drive;Almonte;ON
10452;Russell Figueroa ;5160 E. El Macero Dr.;Thunder Bay;NS
10453;Gael Mcpherson ;6995 Broken Circle;O'Leary;NU
10454;Elliot Reese ;3397 Overhill Lane;Bridgewater;NT
10455;London Craig ;6641 El Paso Avenue;Campbellcroft;ON
10456;Makenna Holt ;4076 Farallon Street;Anmore;SK
10457;Ian Soto ;407 Garden Court;Old Crow;NU
10458;Hailie Gross ;5096 Peach Place;Terrace Bay;YT
10459;Nash Hurst ;6786 Ipanema Place;Oxford;AB
10460;Taliyah Barlow ;1283 Sequoia Place;Orillia;NS
10461;Lamar Morton ;2910 Farragut Circle;Carmacks;QC
10462;Madelyn Mejia ;2870 I Street;Barriere;BC
10463;Nora Villarreal ;4919 Golf View Circle;Ohsweken;BC
10464;Jaxson Malone ;8242 Mono Place;Caledonia;NU
10465;Yasmine Levy ;4462 Madrid Court;Clayton;AB
10466;Micheal Becker ;1355 Shire Lane;Otonabee-South Monaghan;NS
10467;Fernanda Berry ;4297 Almond Lane;Cumberland;PE
10468;Jorden Meadows ;7310 Peña Drive;Assiniboia;ON
10469;Alexandre Henry ;185 Purdue Drive;Calmar;NT
10470;Leslie Stafford ;4499 Salamanca Court;Ainsworth Hot Springs;PE
10471;Ivan Benson ;4016 Yana Place;Argentia;MB
10472;Jalen Guy ;9945 Redwood Lane;Chateau-Richer;YT
10473;Reese Sharpe ;3346 Hudson Street;Turtleford;NL
10474;Roman Mullen ;9295 Notre Dame Drive;Apohaqui;NL
10475;Colleen Turner ;8033 Elendil Lane;Bowden;ON
10476;Abdiel Combs ;1459 Par Circle;Cumberland House;NS
10477;Katherine Clarke ;8801 Grinnel Drive;Orillia;NT
10478;Lilly Atkins ;4911 Solito Street;Ocean Falls;NS
10479;Shawn Carrillo ;1192 Huerta Place;Amherstview;MB
10480;Autumn Mccullough ;8650 Huerta Place;Ajax;NS
10481;Abdullah Hopkins ;8746 Robin Place;Treherne;NB
10482;Paola Carey ;5324 Garfield Terrace;Cap-de-la-Madeleine;AB
10483;India Carpenter ;5673 Burnett Place;Big Cove;QC
10484;Ismael Marshall ;4929 Grinnel Drive;Berthierville;BC
10485;Julissa Conner ;2277 Oak Avenue;Cloverdale;NS
10486;Marissa York ;3393 Bianco Court;Bonavista;MB
10487;Frances Collins ;2932 Seventh Street;Cochrane;NT
10488;Cristina Schmidt ;6825 La Playa Drive;Chetwynd;NT
10489;Giovanna Mckenzie ;3443 Linden Lane;Thorhild;QC
10490;Estefany Case ;5384 Arthur Street;Thunder Bay;MB
10491;Treyton Salas ;623 Evenstar Lane;Bracebridge;NS
10492;Davis Summers ;6880 Adrian Drive;Christina Lake;NB
10493;Alice Steele ;3204 E. Covell Blvd.;Cap-Chat;NU
10494;Kaleigh Quinn ;501 Bermuda Avenue;Ashburn;PE
10495;Emilio Mills ;7164 Lakeview Drive;Orleans;AB
10496;Daphne Ellison ;5334 Nandina Place;Omemee;NU
10497;Nina Maxwell ;4733 Oleander Place;Alberton;NS
10498;Bryanna Ferguson ;812 Quail Street;Timmins;NU
10499;Aubrie Garcia ;4550 Austin Street;Canmore;MB
10500;Kassandra Cooper ;544 Citadel Drive;Turtleford;NS
10501;Phoebe Murray ;6234 Fig Lane;Tillsonburg;NS
10502;Katarina Blevins ;5914 Rainier Street;Corunna;PE
10503;Colt Macdonald ;2258 Eel Avenue;Brossard;NB
10504;Quintin Melendez ;3343 Gazelle Place;Combermere;YT
10505;Andres Jackson ;2410 Jardin Place;Toronto;NB
10506;Stephanie Pratt ;642 Plum Lane;Caledon;PE
10507;Irvin Clements ;9513 Montgomery Ave.;Crawford Bay;NB
10508;Dale Cash ;792 Woods Circle;Bragg Creek;PE
10509;Garrett Hughes ;7920 Pamplona Avenue;Bailieboro;NB
10510;Leslie Pratt ;5397 Scripps Drive;Chapple;AB
10511;Toni Kent ;1827 Benicia Court;Okanagan Falls;PE
10512;Nigel Hansen ;330 Regatta Lane;Brougham;NU
10513;Estevan Sharp ;2012 Victoria Place;Orillia;NL
10514;Nelson Ross ;4488 E. Oakside Place;Canning;NB
10515;Anabel Albert ;2667 Co. Road 32a;Canmore;NB
10516;Eliezer Morton ;6187 Montefrio Lane;Botha;NS
10517;Eli Barlow ;2692 Denali Drive;Beloeil;BC
10518;Lyndsey Callahan ;1528 Hunt Way;Contrecoeur;AB
10519;Korbin Serrano ;787 Everglades Pl;Okotoks;NU
10520;Eva Randall ;1703 Tulane Drive;Baldwin;NU
10521;Brock Hutchinson ;7328 Tenth Street;Tilbury;MB
10522;Corey Lyons ;155 Tamarack Lane;Oro Station;NL
10523;Marvin Garcia ;1320 Flamenco Place;Campbellford;PE
10524;Lauren Michael ;4699 Miwok Place;Clarenville;BC
10525;Celine Wilder ;2907 Guava Lane;Annapolis Royal;QC
10526;Gilbert Le ;4290 Camino Court;Cochrane;NL
10527;Alycia Conner ;1802 Schmeiser Avenue;Baltimore;PE
10528;Nancy Mckee ;6570 Angela Street;Cranberry Portage;SK
10529;Allyson Barber ;7092 Camino Court;Oro-Medonte;ON
10530;Giovanna Avila ;1384 Del Mar Place;Angus;ON
10531;Aryanna Church ;7695 La Rue Road;Caledon;PE
10532;Yvette Parker ;9074 D Street;Tlell;MB
10533;Chana Pollard ;8204 Bryce Lane;Tofield;NL
10534;Bianca Oneil ;4634 Greek Court;Castor;ON
10535;Jarvis Trevino ;494 Denison Drive;Canning;AB
10536;Alvin Salinas ;7096 Bermuda Avenue;Calabogie;NL
10537;Esteban Bird ;3349 Espana Court;Beloeil;SK
10538;Cecilia Crane ;933 Lake Boulevard;Annapolis Royal;BC
10539;Mollie Mckay ;8796 Amherst Drive;Oshawa;NS
10540;Barry Steele ;8599 Becerra Way;Alma;PE
10541;Heriberto Blankenship ;8508 Diablo Avenue;Ohsweken;AB
10542;Magdalena Monroe ;3163 Alice Street;Consecon;NS
10543;Lily Adams ;792 Woods Circle;Baldwin;NL
10544;Misael Hampton ;4241 Elendil Lane;Omemee;AB
10545;Uriel Mcconnell ;8696 Overhill Lane;Cabri;AB
10546;Kiera Pena ;2308 Humboldt Avenue;Central Saanich;NL
10547;Kailyn Decker ;9285 Oriole Avenue;Alma;NL
10548;Javon Hickman ;3871 Concord Place;Amherstview;PE
10549;Deangelo Mcpherson ;1046 Denison Drive;Truro;NS
10550;Bryanna Craft ;2075 Pine Lane;Oxford Station;NL
10551;Santino Trujillo ;9768 Blackburn Drive;Beiseker;NL
10552;Nigel Reynolds ;4575 Drake Drive;Telkwa;ON
10553;Donald Finley ;2487 Decatur Court;Caroline;AB
10554;Vernon Petty ;7987 W. Chiles Road;Churchbridge;AB
10555;Stephen Hebert ;8600 Middle Golf Drive;Tweed;ON
10556;Jackson Sloan ;4094 Chesapeake Bay Ave;Trois-Rivières;MB
10557;Reed Small ;2022 Reed Drive;Tiverton;PE
10558;Hayden Blankenship ;813 D Street;Clarendon;PE
10559;Abdiel Combs ;9906 N. Davis Farms Road;Orton;NU
10560;Kelsi Hinton ;6562 Modoc Place;Chambly;MB
10561;Jameson Spence ;9054 E. Eighth St.;Beaverton;NU
10562;Braulio Ellison ;7307 Escolar Court;Cowley;MB
10563;Aurora Stokes ;3773 Amar Court;Old Crow;MB
10564;Elizabeth Ryan ;8653 Pomona Drive;Cowansville;NT
10565;Laura Conway ;4346 Belhaven Place;Courtenay;NL
10566;Tracy Lewis ;9774 Birch Lane;Brooklin;NB
10567;Summer Davenport ;7213 Modoc Place;Chesterville;NB
10568;Finn Marks ;4206 Monte Vista Place;Cloverdale;YT
10569;Shyann Duncan ;544 Rondo Place;Oro Station;BC
10570;Juliet Kane ;3904 Seville Street;Ameliasburgh;NB
10571;Willie Woods ;7165 Secret Bay Street;Cornwall;NU
10572;Ariel Bush ;7151 Hamel Street;Bolton;AB
10573;Carissa Hicks ;9984 San Ramon Drive;Arkell;NS
10574;Ciara Herring ;6057 Cortez Avenue;Chemainus;ON
10575;Genesis Meyers ;7532 Lafayette Drive;Bowmanville;NT
10576;Michaela Gaines ;9765 Del Rio Place;Beaupré;SK
10577;Harley Winters ;8117 Waxwing Place;Cochrane;AB
10578;Yolanda Rios ;9414 La Coruno Street;Ardoch;AB
10579;Ulises Ortega ;691 Linden Lane;Bishop's Falls;ON
10580;Georgia Jennings ;2878 Research Park Dr.;Odessa;PE
10581;Faith Bolton ;4016 Yana Place;Brooks;QC
10582;Willow Odonnell ;1287 K Street;Bright;YT
10583;Eden Cook ;7693 Hawthorne Lane;Burton;NS
10584;Luz Hardy ;3781 Greenview Drive;Baldwin;NS
10585;Estefany Case ;6358 Halifax Avenue;Orillia;AB
10586;Harley Winters ;9326 Santiago Street;Beamsville;PE
10587;Lana Townsend ;4585 Oriole Avenue;Battlefords, The;NT
10588;Keyon Lee ;7514 Drew Avenue;Burk's Falls;NS
10589;Blanca Dodson ;586 Garfield Terrace;Three Hills;NT
10590;Mariela Harris ;1703 Co. Road 99d;Churchbridge;AB
10591;Lane Mullen ;6792 N Street;Aylesford;SK
10592;Sullivan Armstrong ;1342 San Ramon Drive;Cupids;MB
10593;Austyn Melendez ;7161 Adams Street;Bright;NS
10594;Alberto Grant ;5555 Fig Place;Chateau-Richer;QC
10595;Corey Lyons ;9518 Cadiz Street;Taber;BC
10596;Mckenzie Crosby ;6265 Mercedes Avenue;Breslau;BC
10597;Sheldon Hooper ;2410 Jardin Place;Bedeque;QC
10598;Gillian Garcia ;3147 Alice Street;Balfour;PE
10599;Ramiro Blackwell ;6660 Florinda Lane;Burin;ON
10600;Jairo Conrad ;5791 Seville Street;Bracebridge;AB
10601;Brenda Beck ;576 Sparrow Court;Abbotsford;BC
10602;Amaya Fernandez ;1973 Duke Drive;Angus;QC
10603;Zavier Christian ;1469 Jerome Street;Balfour;SK
10604;Devante Valentine ;9595 Almond Lane;Antrim;SK
10605;Chana Pollard ;8637 Monte Vista Avenue;Calmar;NB
10606;Marlee Everett ;530 El Segundo Avenue;Beaverton;PE
10607;Stacy Summers ;518 Sparrow Court;Arnprior;ON
10608;Hallie Bender ;2992 Fairway Estates;Ajax;ON
10609;Kiera Glass ;6132 Co. Road 100a;Tiverton;QC
10610;Perry Ryan ;234 Parkside Drive;Cavendish;NL
10611;Felicity Payne ;933 Lake Boulevard;Baldwin;AB
10612;Presley Rosa ;2053 Ipanema Place;Amherstview;YT
10613;Jamar Bentley ;3143 El Dorado Place;Ardoch;AB
10614;Meadow Moon ;6405 Heron Place;Ohsweken;BC
10615;Gerardo Valdez ;713 Denali Drive;Coombs;MB
10616;Giovanna Mckenzie ;8734 Regatta Lane;Charlottetown;MB
10617;Jaquez Buck ;5151 Anderson Rd.;Banff;ON
10618;Triston Conway ;8863 Isla Place;Blackie;NL
10619;Madalyn Richardson ;1305 Cascade Place;Calabogie;ON
10620;Alicia Simmons ;6484 Prado Lane;Trout Creek;YT
10621;Kellen Mckee ;225 El Macero Drive;Battersea;PE
10622;Christine Reyes ;1845 Del Oro Place;Coral Harbour (Sallit);ON
10623;Jamal Crosby ;7085 Penny Place;Bonnyville;NU
10624;Anderson Wilcox ;4418 Rowe Place;Odessa;PE
10625;Salvatore Valentine ;8539 Anderson Rd.;Clearview;QC
10626;Nathan Brock ;8913 Bueno Drive;Camrose;NL
10627;Louis Moore ;6870 Peña Drive;Armstrong;SK
10628;Zechariah Zimmerman ;733 La Paloma Court;Anjou;NB
10629;Kaylee Torres ;1872 Wintun Place;Contrecoeur;AB
10630;Alena Collins ;5774 Glenn Place;Tadoussac;NL
10631;Emerson Barrett ;1469 Jerome Street;Ardrossan;PE
10632;Leonard Pennington ;8719 4th Street;Cambridge;NS
10633;Gilbert Bond ;9828 Barony Place;Big River;NS
10634;Renee Estes ;2342 Notre Dame Drive;Cochrane;PE
10635;Karlee Graham ;1169 Cranbrook Court;Oshawa;MB
10636;Gerardo Valdez ;112 Creek Hollow Lane;Apsley;MB
10637;Graciela Wilkins ;9295 Notre Dame Drive;Baysville;PE
10638;Isai Patterson ;9580 Brown Drive;Burnaby;NS
10639;Porter Cline ;2048 Denison Drive;Blairmore;BC
10640;Caroline Olson ;9565 Tanager Avenue;Thetford Mines;NL
10641;Davis Bennett ;7092 Camino Court;The Pas;PE
10642;Danna Hester ;9513 Montgomery Ave.;Cranberry Portage;QC
10643;Charity Wall ;3932 Bucknell Drive;Oyen;BC
10644;Tucker Buckley ;7140 N Street;Chetwynd;BC
10645;Sydnie Steele ;4558 Co. Road 100a;Cheticamp;AB
10646;Jayde Newman ;2692 Denali Drive;Orton;YT
10647;Jeremy Hurley ;1800 Loyola Dr.;Three Hills;ON
10648;Rachelle Jennings ;5238 Pastal Way;Arkell;NS
10649;Olivia Adkins ;2331 Newton Court;Cowansville;NL
10650;Jamya Briggs ;6789 Espana Court;Bradford West Gwillumbury;QC
10651;Alberto Lindsey ;3365 Lassen Place;Carstairs;MB
10652;Sawyer Holden ;8102 Nantucket Terrace;Bridgenorth;ON
10653;Jacquelyn Rice ;6260 La Coruno Street;Armstrong;AB
10654;Ivan Bray ;751 Donner Avenue;Otterburn Park;NB
10655;Emiliano Munoz ;8214 Mace Blvd.;Barrington;NS
10656;Maura Mcgowan ;4608 Adrian Drive;Anmore;PE
10657;Daquan Carter ;348 Banyan Place;Barrie;AB
10658;Jairo Cherry ;206 Grinnel Place;Big River;YT
10659;Joel Allen ;6689 Koso Street;Apple Hill;NU
10660;Felicity Matthews ;4585 Oriole Avenue;Cloverdale;NT
10661;Alejandro England ;1130 Twelfth Street;Cranberry Portage;NT
10662;Landon Mckenzie ;5066 Flamenco Place;Acton;MB
10663;Mckenzie Crosby ;9765 Del Rio Place;Cape Broyle;BC
10664;Oscar Cote ;9072 6th Street;Carmacks;BC
10665;Ellen Compton ;4388 Javier Place;Ashburn;NS
10666;Ryleigh Shelton ;9081 Co. Road 100a;Campbellcroft;BC
10667;Theodore Miles ;143 Miller Drive;Calabogie;NT
10668;Jenna Carroll ;9828 Barony Place;Berwyn;NB
10669;Clifton Campbell ;5992 Cadiz Street;Cloverdale;NT
10670;Rocco Gross ;6400 Oceano Way;Odessa;MB
10671;Arielle Terrell ;8947 Secret Bay Street;Almonte;MB
10672;Winston Bernard ;6344 Estrella Place;Orillia;YT
10673;Sierra Burns ;6167 Braddock Court;Cape Broyle;NT
10674;Ashanti Cummings ;9828 Barony Place;Taber;NL
10675;Gilbert Le ;5570 Concord Avenue;Caronport;NU
10676;Jeremy Hurley ;6384 Duke Drive;Oro-Medonte;NB
10677;Chaim Reilly ;133 Caribou Place;Teeswater;QC
10678;Bennett Love ;6571 W. Eighth St.;Bethany;NS
10679;Phoenix Molina ;941 Angela Street;Allanburg;YT
10680;Vernon Holman ;8996 Cherry Lane;Chase;BC
10681;Arturo Davis ;189 Vassar Drive;Tottenham;BC
10682;Eli Barlow ;5716 Shepherds Lane;Bright;NL
10683;Tatyana Sanders ;168 Olympic Drive;Tusket;PE
10684;Moriah Stout ;7120 Norte Avenue;Alert Bay;NS
10685;Cael Strong ;9401 Oeste Drive;Castle Mountain;NT
10686;Jeremiah Campos ;1004 Hawthorne Lane;Okanagan Falls;YT
10687;Denisse Blake ;6170 4th Street;Clayton;MB
10688;Skyla Hays ;9130 Plum Lane;Amherstburg;AB
10689;Jessie Mullen ;4499 Salamanca Court;Aylesford;NT
10690;Keegan Melendez ;1133 Eagle Place;Camlachie;NL
10691;Jadon Fields ;3806 Oakside Drive;Cochrane;AB
10692;Cecilia Crane ;5113 W. Olive Drive;Coe Hill;NU
10693;Alondra Dickson ;5670 Peregrine Avenue;Chestermere;NS
10694;Hudson Mcfadden ;1321 La Rue Road;Bonshaw;SK
10695;Randall Snow ;118 Seville Court;Cardinal;MB
10696;Shawna Morton ;295 Benbow Court;Aylesford;NT
10697;Kaliyah Kim ;1726 Pacific Drive;Corner Brook;YT
10698;Heriberto Dillard ;1703 Tulane Drive;Arnprior;AB
10699;Marvin Garcia ;3202 Jerome Street;Burnaby;YT
10700;Jaeden Boyer ;7943 Nandina Place;Thorold;BC
10701;Alicia Simmons ;5929 Loyola Dr.;Tottenham;BC
10702;Phoenix Morrison ;7274 Jerome Street;Beckwith;BC
10703;Paul Hahn ;1649 La Habra Court;Caledonia;QC
10704;Shane Levine ;4145 L Street;Ameliasburgh;NB
10705;Krystal Davis ;9501 Temple Drive;Brigus;NL
10706;Paxton Pierce ;8461 La Coruno Street;Alberta Beach;AB
10707;Tracy Hodges ;9505 Villanova Drive;Ottawa;NU
10708;Adam Juarez ;3250 Portage Bay East;Barrhead;YT
10709;Alexys Ratliff ;677 Jalisco Place;Causapscal;BC
10710;Steve Palmer ;2192 Fourteenth St.;Okanagan Falls;NS
10711;Bryanna Ferguson ;3858 Santiago Street;Clearview;NB
10712;Ronaldo Cleveland ;13 Cezanne Court;Bromont;PE
10713;Jaylynn Rich ;8632 W. Chiles Road;Brooks;NS
10714;Mariana Sweet ;9909 Craig Place;Burgessville;NB
10715;Melinda Munoz ;3488 Barkley Street;Chatham;YT
10716;Helen Merritt ;3098 N. Davis Farms Road;Ompah;NS
10717;Hailie Haney ;8913 Bueno Drive;Carling;YT
10718;Jordyn Murphy ;8277 Oriole Avenue;Ardrossan;MB
10719;Jarvis Trevino ;1601 Catalina Drive;Bella Coola;BC
10720;Jamar Alston ;7363 Seville Court;Tweed;MB
10721;Stacey Mueller ;642 Plum Lane;Bramalea;ON
10722;Lara Slater ;109 Laguna Avenue;Brackley Beach;PE
10723;Billy Paul ;8599 Clara Lane;Ottawa;MB
10724;Miah Pittman ;4892 Banyan Place;Combermere;NB
10725;Bailee Moon ;3230 Colby Drive;Beloeil;MB
10726;Rodrigo Mcgee ;1196 Robinia Place;Truro;SK
10727;Hayden Blankenship ;1287 K Street;Caledon;NS
10728;Stuart Hebert ;6221 W. Fourteenth Street;Ormstown;NU
10729;Wilson Smith ;4312 Deodara Court;Brackley Beach;NU
10730;Natasha Phillips ;8160 Hemlock Lane;Carlesbad Springs;BC
10731;Rahul Perkins ;8077 Scripps Drive;Christina Lake;MB
10732;Jayson Salazar ;5479 Avocet Avenue;Okanagan Falls;SK
10733;Keyshawn Schmidt ;4083 Isle Royale Lane;Theodore;SK
10734;Tatyana Sanders ;8102 Nantucket Terrace;The Pas;QC
10735;Shirley Graham ;4755 Sandy Circle;Amherstview;BC
10736;Meagan Moreno ;5706 Kent Drive;Armstrong;NL
10737;Felicity Mcmahon ;5479 Avocet Avenue;Cambridge;YT
10738;Leslie Pratt ;8005 Magellan Street;Brossard;NS
10739;Jairo Cherry ;8652 I Street;Caplan;NT
10740;Benny Arnold ;3016 9th Street;Caroline;NU
10741;Pamela Riddle ;1440 Fremont Court;Tadoussac;NL
10742;Jayde Newman ;8827 Maidu Place;Taber;BC
10743;Jazmine Wolf ;6036 Co. Road 32a;Carlisle;YT
10744;Marco Barton ;4680 Christie Court;Arkell;ON
10745;Kailyn Rios ;3144 Acacia Lane;Thetford Mines;NU
10746;Santos Warren ;6992 Curlew Street;Birtle;MB
10747;Neal Kirkland ;1332 Angela Street;Central Saanich;ON
10748;Jay Guy ;8160 Hemlock Lane;Armstrong;NT
10749;Eva Randall ;7614 Braddock Court;Asquith;ON
10750;Margarita Owen ;6214 Willowbank Road;Orleans;NB
10751;Darin Fernandez ;6716 Maple Lane;Terrace Bay;NB
10752;Arthur Holland ;3075 Club House Dr.;Brisco;QC
10753;Shaylee Cortez ;9502 Waxwing Place;Canning;NB
10754;Kendal Sandoval ;6688 I Street;Orono;SK
10755;Jayden Herman ;3310 Monte Vista Avenue;Bradford West Gwillumbury;NB
10756;Morgan Howe ;4773 Glenn Place;Bowden;MB
10757;Curtis Oliver ;8168 Inca Place;Ardrossan;QC
10758;Tori Montoya ;5938 Bluebird Place;Ardrossan;AB
10759;Joana Albert ;732 Jalisco Place;Outremont;NU
10760;Jaron Gill ;8787 Encina Avenue;Chomedey;YT
10761;Stuart Hebert ;2981 Westernesse Road;Bow Island;NB
10762;Breanna Gardner ;9886 Radcliffe Drive;Cranbrook;YT
10763;Paulina Mccarthy ;990 Faro Avenue;Bracebridge;NU
10764;Delilah Herrera ;238 N. Diameter Circle;Cochrane;MB
10765;Tyra Luna ;7107 La Coruno Street;Byng Inlet;PE
10766;Vance Dorsey ;7277 Barony Place;Atlin;PE
10767;Jerry Steele ;5098 Amador Avenue;Allanburg;MB
10768;Reuben Walsh ;1923 Seine Avenue;Boissevain;ON
10769;Logan Bartlett ;8291 Costa Verde Street;Bronte;NT
10770;Kian Parrish ;8848 12th Street;Bible Hill;PE
10771;Diamond Lott ;1498 Balboa Avenue;Charlton;NU
10772;Emerson Barrett ;2048 Denison Drive;Coldwater;SK
10773;India Carpenter ;3016 Schmeiser Avenue;Oyen;QC
10774;Eliana Hopper ;450 Marina Circle;Bridgenorth;NB
10775;Hunter Heath ;3969 El Cajon Avenue;Caistor Centre;NT
10776;Jasmin Phelps ;9792 7th Street;Brisco;PE
10777;Hamza Gilbert ;4555 Astoria Street;Chapple;QC
10778;Felicity Payne ;1435 Robin Place;Clarenville;NU
10779;Jaron Davidson ;8830 5th Street;Candiac;NB
10780;Bennett Love ;5161 Dartmouth Place;Bathurst;NL
10781;Shawna Morton ;2860 Citadel Drive;Big River;BC
10782;Eric Cooper ;6062 4th Street;Crawford Bay;ON
10783;Clay Hardin ;639 Del Mar Place;Treherne;AB
10784;Solomon Reed ;530 Evening Bay Place;Belgrave;ON
10785;Maia Zamora ;5187 Avila Bay Place;Atikokan;QC
10786;Zakary Douglas ;1723 Glide Drive;Baie-Comeau;NU
10787;Hamza Gilbert ;7711 Poplar Lane;Oro Station;NT
10788;Zechariah Zimmerman ;6792 N Street;Bronte;NB
10789;Julia Boyle ;6417 Clark Court;Orton;YT
10790;Brodie Walton ;4662 Third Street;Tatamagouche;BC
10791;Deven Roman ;9012 Monte Vista Avenue;Conception Bay South;QC
10792;Isaak Lane ;6131 Madrid Street;Cheticamp;NL
10793;Katelin Vance ;2289 Van Gogh Street;Alliston;QC
10794;Jayden Alvarez ;1332 Angela Street;Burlington;BC
10795;Latrell Bradshaw ;8818 Campbell Place;Brooklin;QC
10796;Willow Benjamin ;8552 Camphor Lane;Crofton, BC;AB
10797;Paxton Pierce ;2870 I Street;Breslau;AB
10798;Leah Parks ;5924 Co. Road 99d;Boylston;MB
10799;Elisa Church ;990 Faro Avenue;Black Duck Siding;NS
10800;Carolyn Mendoza ;5301 La Playa Drive;Bowden;MB
10801;Brady Scott ;3247 Baywood Lane;Crawford Bay;YT
10802;Skyler Hale ;1612 Hacienda Avenue;Coleman;NU
10803;Kylie Clayton ;3904 Seville Street;Brookfield;SK
10804;Marcel Craft ;5797 Dinosaur Place;Alma;YT
10805;Stacey Mueller ;2900 Donner Avenue;Ottawa;ON
10806;Dayton Kemp ;6268 Bidwell Place;Ayer's Cliff;NL
10807;Marcel Weaver ;2768 Curlew Street;Argentia;QC
10808;Kasey Lindsay ;5484 Guava Lane;Caledonia;AB
10809;Donald Finley ;511 Arboretum Terrace;Atlin;MB
10810;Kasey Bond ;348 Banyan Place;Brampton;NS
10811;Jordon Figueroa ;8589 Quail Street;Brookfield;NT
10812;Rachelle Jennings ;1189 Rialto Lane;Craik;NS
10813;Kayleigh Jennings ;8773 Fortuna Court;Belfast;NS
10814;Bruno Edwards ;8214 Palm Place;Cap-Chat;BC
10815;Patricia Branch ;1407 Lake Boulevard;Brantford;AB
10816;Ryann Copeland ;7772 Wren Street;Bridgenorth;NB
10817;Celine Mcneil ;476 N Street;Clarenville;ON
10818;Kasandra Alston ;3374 Radcliffe Drive;Aylesford;PE
10819;Julius Horton ;8514 Eureka Ave.;Boylston;NT
10820;Jaquez Beck ;696 Chestnut Lane;Cumberland;NS
10821;Eleanor Raymond ;3910 Hubble Street;Chibougamau;MB
10822;Joslyn Knapp ;3588 Villaverde Ln.;Bragg Creek;MB
10823;Morgan Bean ;6762 Ensenada Drive;Belfast;MB
10824;Angel Wooten ;1095 Solito Street;Bedford;BC
10825;Kyleigh Walters ;433 Sequoia Place;Tottenham;YT
10826;Agustin Luna ;4701 Harrier Place;Apple Hill;MB
10827;Darlene Taylor ;5817 Seventh Street;Truro;NS
10828;Camryn Medina ;1266 Stanford Drive;Brigus;NT
10829;Luis Carver ;8048 Arena Drive;Oyama;PE
10830;Terrence Dennis ;4998 Willow Lane;Cranberry Portage;QC
10831;Pamela Hyde ;2386 Second St.;Canso;NT
10832;Breanna Gardner ;7440 Georgtown Place;Angus;NL
10833;David Oconnor ;1226 Banyan Place;Chapleau;QC
10834;Dianna Combs ;8571 Fordham Drive;Three Hills;BC
10835;Alexia Holcomb ;1338 Drew Circle;Taber;PE
10836;Lana Stein ;3844 Fortuna Court;Oliver;NT
10837;Sydnie Steele ;6131 Madrid Street;Coldstream;PE
10838;Jamari Goodman ;1594 Broken Circle;Otonabee-South Monaghan;BC
10839;Reese Hatfield ;9011 Peach Place;Amherstburg;NB
10840;Elaine Gross ;4361 Claremont Drive;Bridgetown;ON
10841;Ahmad Vega ;6716 Maple Lane;Campbell River;NU
10842;Jarod Cherry ;6716 Maple Lane;Cupids;ON
10843;Ximena Graham ;163 Garrison Street;Chicoutimi;AB
10844;Christine Reyes ;2074 Shelter Cove Place;Apple Hill;NS
10845;Kara Gibbs ;6393 Elmwood Drive;Cherryville;ON
10846;Bret Greene ;7532 Lafayette Drive;Tracy;ON
10847;Katie Beck ;8867 Tern Place;Angus;NB
10848;Waylon Freeman ;7147 Santander Court;Chapleau;AB
10849;Roberto Wiggins ;8632 W. Chiles Road;Battlefords, The;BC
10850;Yosef Roth ;5037 Clara Lane;Orono;YT
10851;Shayna Dixon ;2308 Humboldt Avenue;Cabri;NB
10852;Abdullah Hopkins ;884 Clemson Dr.;Tatamagouche;ON
10853;Serenity Goff ;5397 Scripps Drive;Combermere;NB
10854;Braiden Young ;8107 Evenstar Lane;Ajax;MB
10855;Dayana Huber ;904 Flicker Avenue;Airdrie;ON
10856;Myles Bridges ;7260 Tanager Avenue;Chatsworth;NT
10857;Ryann Copeland ;2767 Oceano Way;Bala;PE
10858;Cristopher Park ;7695 La Rue Road;Carleton Place;QC
10859;Montana Harper ;6693 Farragut Circle;Ashburn;NU
10860;Philip Duncan ;4609 Diego Place;Charlesbourg;ON
10861;Carolyn Fischer ;518 Sparrow Court;Cranbrook;NU
10862;Ana Hartman ;4241 Elendil Lane;Ayr;NB
10863;Misael Melton ;9079 Ponteverde Lane;Temagami;QC
10864;Terrence Dennis ;6976 La Canada Way;Contrecoeur;NS
10865;Catherine Schultz ;6485 Oakenshield Road;Beausejour;MB
10866;Gracie Miller ;1774 Baja Avenue;Byng Inlet;NU
10867;Taya Mccoy ;3487 Puma Court;Cowansville;SK
10868;Stacey Mueller ;6110 Sandpiper Drive;Contrecoeur;NL
10869;Madelyn Martin ;287 Madrone Lane;Beamsville;AB
10870;Graham Kent ;7208 Oceano Way;Clinton;AB
10871;Maia Zamora ;9687 Cumberland Place;Coral Harbour (Sallit);QC
10872;Ciara Mccray ;5718 E. El Macero Dr.;Cambridge;NB
10873;Kurt Prince ;7048 Denali Drive;Tecumseh;MB
10874;Julianne Castillo ;6559 Iris Place;Charlottetown;AB
10875;Annie Mccall ;2855 Santa Paula Way;Cameron;NS
10876;Clay Hardin ;4410 Elmwood Drive;Carbonear;NU
10877;Aron Richard ;602 Elk Place;Bowden;MB
10878;Marcella Gaines ;9767 Genaro Place;Orleans;NL
10879;Annabella Lynch ;4970 Costa Verde Street;Canoe;NB
10880;Cory Ratliff ;6660 Florinda Lane;Alma;NS
10881;Patrick Frye ;1635 Parkside Drive;Cambridge Bay (Ikaluktutiak);NS
10882;Blanca Dodson ;5065 Ponderosa Place;Baker Lake (Qamanittuaq);YT
10883;Liliana Sargent ;8632 W. Chiles Road;Thetford Mines;ON
10884;Erick Mayo ;530 El Segundo Avenue;Cultus Lake;NS
10885;India Carpenter ;5429 San Tomas Street;Bloomfield;NS
10886;Sterling Wynn ;7186 Valencia Avenue;Odessa;NT
10887;Kenneth Norris ;7228 Deodara Court;Thorsby;MB
10888;Sydnie Hester ;4476 Calaveras Avenue;Beckwith;NT
10889;Paul Hahn ;1653 Iris Place;Byng Inlet;ON
10890;Paulina Mccarthy ;225 El Macero Drive;Oyen;NB
10891;Celine Collier ;1128 Pomo Place;Boylston;NU
10892;Damaris Kent ;6286 Condor Court;Berthierville;QC
10893;Avery Ayers ;6727 Broken Circle;Bancroft;BC
10894;Emiliano Schneider ;9580 Brown Drive;Cowley;MB
10895;Kiara Floyd ;4738 Georgia Place;Chateau-Richer;NS
10896;Isaias Montoya ;822 Redwood Lane;Brighton;SK
10897;Alonso Maxwell ;6094 Vista Way;Ayr;NU
10898;Russell Holman ;8166 M Street;Ardoch;QC
10899;Randall Snow ;9041 Fortuna Court;Brandon;NU
10900;Nyasia Cote ;8605 La Paz Drive;Canning;ON
10901;Alejandra Reyes ;1215 Iris Place;Trout Creek;PE
10902;Shawn Miranda ;3940 Northfield Court;Canning;NT
10903;Phoenix Molina ;5140 A Street;Alma;YT
10904;Ahmad Blanchard ;2366 Mockingbird Place;Astorville;NT
10905;Marlee Strickland ;4694 Brandywine Place;Bishop's Falls;NU
10906;Kadin Duffy ;5160 N. Diameter Circle;Bonshaw;NU
10907;Vernon Petty ;8157 College Park;Alton;NB
10908;Eden Franks ;1853 Merganser Place;Brigham;SK
10909;Abigale Boyle ;6992 Curlew Street;Trail;AB
10910;Caiden Holt ;9518 Cadiz Street;Charlottetown;SK
10911;Imani Suarez ;6036 Co. Road 32a;Theodore;NS
10912;Gloria Jacobson ;6976 La Canada Way;Brooks;QC
10913;Kayleigh Jennings ;8033 Elendil Lane;Cambridge Bay (Ikaluktutiak);QC
10914;Julia Cotton ;8042 Rowe Place;Ardoch;QC
10915;Edwin Mcknight ;2727 Locust Place;Tracy;PE
10916;Anderson Wilcox ;6155 Miwok Place;Bobcaygeon;BC
10917;Diana Howe ;84 Halifax Avenue;Ayer's Cliff;PE
10918;Aryanna Church ;9501 Temple Drive;Coaldale;NT
10919;Alejandra Landry ;4454 Santander Court;Coombs;NL
10920;Alexandra Cross ;745 Lassen Place;Corner Brook;PE
10921;Arthur Holland ;1354 Buchanan Street;Brooklin;QC
10922;Keyshawn Langley ;4097 Farragut Circle;Cumberland House;NL
10923;Ramiro Blackwell ;8153 Sapphire Court;Caronport;AB
10924;Robin Hebert ;3732 Poplar Lane;Clinton;NS
10925;Alex Wright ;1702 Corona Drive;Temagami;NL
10926;Zander Gilmore ;559 Creek Hollow Lane;Thorhild;NT
10927;Rowan Wilder ;6716 Maple Lane;Berwyn;NB
10928;Amira Combs ;7363 Seville Court;Ohsweken;NB
10929;Ellie Taylor ;8077 Scripps Drive;Oxford;ON
10930;Trevon Adams ;9414 La Coruno Street;Burin;PE
10931;Josie Cook ;1049 San Ramon Drive;Thorsby;AB
10932;Esteban Bird ;6149 Notre Dame Drive;Owen Sound;BC
10933;Garret Justice ;7153 Dartmouth Place;Blackie;NS
10934;Antwan Frazier ;6744 Georgia Place;Oakville;NS
10935;Kimberly England ;5098 Amador Avenue;Brigham;NS
10936;Isai Patterson ;3487 Puma Court;Tusket;NS
10937;Keyla Frazier ;4517 Fillmore Court;Cupids;QC
10938;Douglas Compton ;8950 E. Eighth St.;Brackley Beach;YT
10939;Osvaldo Fleming ;9304 Manet Place;Telegraph Cove;QC
10940;Tobias Lindsey ;3927 La Coruno Street;Bedeque;AB
10941;Reyna Flores ;1802 Spruce Lane;Chase;NL
10942;Travon Prince ;9984 San Ramon Drive;Camrose;SK
10943;Christine Reyes ;2925 Yana Place;Telkwa;AB
10944;Jaydon Donaldson ;3524 Lucena Court;Barrington;NL
10945;Tate Davidson ;4840 Becerra Way;Charlottetown;QC
10946;Alyssa James ;5379 Pacific Drive;Cap-aux-Meules;BC
10947;Jaylon Marks ;288 Union Drive;Cape Broyle;NL
10948;Gillian Nguyen ;2004 Sparrow Court;Ameliasburgh;NT
10949;Kenia Delgado ;3853 Rondo Place;Oyen;MB
10950;Randy Snow ;2612 Second St.;Abbotsford;NB
10951;Kaliyah Kim ;2391 Mallorca Lane;Berwick;YT
10952;Anabel Frazier ;2540 La Habra Court;Carp;NL
10953;Kenna Cross ;9685 Campbell Place;Oxbow;YT
10954;Osvaldo Morse ;920 Regis Drive;Toronto;NU
10955;Marie Weaver ;4892 Banyan Place;Alvinston;NT
10956;Estevan Walls ;7848 Finch Street;Comox;BC
10957;Sean Bradshaw ;518 Sparrow Court;Carp;NB
10958;Erika Wright ;3170 Evenstar Lane;Oxford Station;ON
10959;Angel Wooten ;4826 Raintree Place;Tecumseh;AB
10960;Marilyn Morgan ;6531 Ovejas Avenue;Bow Island;YT
10961;Vance Dorsey ;6214 Willowbank Road;Old Crow;NS
10962;Bria Garner ;8151 Genaro Place;Theodore;YT
10963;Kailyn Baxter ;3858 Santiago Street;Cavan;MB
10964;Hugh Aguirre ;7624 Co. Road 101a;Orton;QC
10965;Anika Carson ;7630 Madrone Place;Atlin;NB
10966;Callie Ellison ;6680 Barcelona Avenue;Caroline;YT
10967;Trever Velazquez ;7161 Adams Street;Cameron;AB
10968;Regan Kirkland ;2381 Solito Street;Thornbury;YT
10969;Neil Reed ;3596 Westfield Terrace;Chateau-Richer;NS
10970;Laura Conway ;733 La Paloma Court;Arcola;ON
10971;Julius Mcknight ;348 Banyan Place;Compton;NS
10972;Dianna Weeks ;7163 Eleventh Street;Apohaqui;YT
10973;Mariah Francis ;7320 Calmia Place;Battersea;BC
10974;Tucker Buckley ;2905 Donovan Court;Bon Accord;NB
10975;Emilee Jennings ;348 Banyan Place;Caronport;NL
10976;Declan Snyder ;4773 Glenn Place;Causapscal;NS
10977;Stuart Harrington ;9578 Salem Avenue;Tisdale;NL
10978;Francisco Moon ;3035 Laguna Avenue;Carstairs;NT
10979;Jaiden Rich ;4912 Scripps Drive;Cannington;QC
10980;Jaiden Rich ;9171 Magpie Street;Castle Mountain;AB
10981;Alison Bradley ;7931 Inca Place;Bella Coola;NT
10982;Marcelo Miranda ;3898 W. Fourteenth Street;Bancroft;NU
10983;Amelia Taylor ;2168 Clara Lane;Cranberry Portage;MB
10984;Curtis Oliver ;4731 Fairway Estates;Cheticamp;AB
10985;Maia Leblanc ;6792 N Street;Belgrave;BC
10986;Yazmin Kane ;8738 Ponderosa Place;Cloverdale;YT
10987;Kailyn Decker ;2981 Westernesse Road;Chatham;PE
10988;Mustafa Simmons ;7848 Finch Street;Conception Bay South;YT
10989;Moriah Hebert ;6051 Rivendell Lane;Big River;QC
10990;Lucy Bell ;8013 Co. Road 101a;Chestermere;NS
10991;Daphne Johnson ;6344 Estrella Place;Tottenham;YT
10992;Carli Norman ;6727 Rondo Place;Canso;NS
10993;Alexys Ratliff ;8948 Anza Avenue;Cape Broyle;MB
10994;Ximena Graham ;1929 Clemson Dr.;Bonshaw;AB
10995;Joelle Lane ;1155 Morro Bay Avenue;Baysville;NB
10996;Noe Campos ;8233 Albion Place;Bramalea;AB
10997;Daniela Taylor ;7277 Barony Place;Thetford Mines;AB
10998;Jadyn Mcdaniel ;1647 Old Davis Road;Treherne;AB
10999;Piper Woodward ;4165 Evans Court;Coombs;AB
